{
  "epoch": 1,
  "val_metrics": {
    "acc": 0.36,
    "f1_macro": 0.3226059654631083,
    "auc": 0.7925917560700169
  },
  "num_classes": 7
}